target,train_years,base_rate,mae,persist_mae,auc,persist_auc
USDM stage,9.6,0.07589914367269267,0.24395010938687875,0.24346336822074216,0.8304317913793657,0.7944446063568537
USDM stage,12.5,0.0892721217887726,0.3909862337648584,0.35892959086584203,0.6948227880289686,0.6779596757380489
USDM stage,15.3,0.39802568981921976,0.7240827805676703,0.3950475737392959,0.8740915294481265,0.9157418686257612
USDM stage,18.2,0.07276403425309229,0.2907629024153876,0.25659847764034255,0.9623282322795981,0.9214067942790949
USDM stage,21.1,0.08826829268292682,0.32621793090391793,0.3111560975609756,0.9304703443601178,0.8758451615963027
Connecticut stage,9.6,0.024153187440532825,0.10531183394659603,0.09476688867745005,0.5169765111536997,0.4974138275337425
Connecticut stage,12.5,0.007112274024738344,0.047293804734895487,0.027117031398667935,0.5196794518578856,0.5150166751345031
Connecticut stage,15.4,0.1412464319695528,0.38961937481709924,0.3523882017126546,0.6957042537256299,0.7320567250990276
Connecticut stage,18.2,0.02696955280685062,0.09722436837366165,0.06822074215033301,0.8625502661097129,0.6923802560109555
Connecticut stage,21.1,0.03659844054580896,0.1257682060113384,0.11578947368421053,0.764774536037707,0.6058276017428732
